,O2,Tc,Vc,Pc
0,0.0,36.45000003300515,0.00011851552778733462,72.40000004860774
1,0.1,29.103960089994132,0.00010930057992273889,83.81223088415284
2,0.2,20.402462294554255,0.00010013098406470587,95.95318059285941
3,0.30000000000000004,9.956303640101623,9.102642172419015e-05,108.4862084959319
4,0.4,-2.7714108996288473,8.201783470102444e-05,120.59292388265578
5,0.5,-18.520502247699113,7.31653221598158e-05,130.41658945311596
6,0.6000000000000001,-38.223676183643704,6.463261754215684e-05,133.8632701691341
7,0.7000000000000001,-62.19219704308699,5.7126545049311615e-05,123.00835417627849
